{
  "Alerts": {
    "_comment": "Patient-specific alerts: Patient ID -\u003E Message shown when processing their reports",
    "219124-5": "Daryl Shreve is on the CARE court list 02/26",
    "219596-4": "Kelley is on the CARE court list 02/20",
    "219891-9": "mail copy of report to the DA",
    "219312-1": "Brown is on the CARE court list 02/20",
    "219472-5": "Send copy to the DA"
  },
  "Weekly": {
    "_comment": "Location of the currently active weekly Excel tracker",
    "current": ""
  },
  "_comment": "EZLogger Global Configuration File",
  "cdo_filepath": {
    "_comment": "Paths for CDO report tracking files and visit logs",
    "hlv_due": "",
    "post_trial_1026": "",
    "post_trial_2972": "",
    "pre_trial_1370": ""
  },
  "database": {
    "connectionString": "Server=LEN-MINI;Database=CoRTReport24;Trusted_Connection=True;",
    "error_folder": "C:\\Users\\lunde\\repos\\cs\\ezlogger\\EZLogger_SLN\\temp\\Error_Logs"
  },
  "county_alerts": {
    "_comment": "Displays special alert messages per county during processing or printing",
    "BUTTE": "Please check forensic info for changes to the court number and judge name",
    "KERN": "Check with court clerk before faxing. They often require a phone confirmation.",
    "LOS ANGELES": "Use internal e-filing only. Include form CR-206 if available.",
    "MADERA": "No fax. Must mail originals to the court.",
    "ORANGE": "Fax AND mail required to meet deadline. Include cover letter and DA copy.",
    "RIVERSIDE": "Send to court using e-Submit. (see OneNote)",
    "SACRAMENTO": "Use the new fax number ending in -8579. See OneNote if uncertain.",
    "SAN DIEGO": "Fax is not used. Use e-filing platform and include court form MC-025.",
    "SAN JOAQUIN": "Don\u0027t send reports to San Joaquin with a cover page. Email them to the clerk via the shared address. See OneNote.",
    "TULARE": "DO NOT fax. All reports must be mailed or e-filed using Tyler.",
    "YUBA": "Send by mail only. Court requires original signature pages.",
    "SOLANO": "Send PD a copy via FAX"
  },
  "edo_filepath": {
    "_comment": "Paths used by the EDO (Forensic Office) for templates, logs, and audit files",
    "cot_list": "",
    "court_fax": "",
    "da_fax": "",
    "error_folder": "",
    "ist_cert": "",
    "ppr_cover": "",
    "processed_log": "",
    "processed_tcars": "",
    "report_history": "",
    "sheriff_fax": "",
    "tcar_xl_log": ""
  },
  "email_list": {
    "_comment": "Shared email lists used in automation (e.g. for sending notifications or documents)",
    "secretaries": [
      "Kristi.Moreno@dsh.ca.gov;Hilda.Garcia@dsh.ca.gov;Keyara.Hutcheson@dsh.ca.gov;Crystal.Garrison@dsh.ca.gov;Dawn.Marcacci@dsh.ca.gov;Chloe.Casilang@dsh.ca.gov;Kevin.Decara@dsh.ca.gov" ]
  },
  "dsh_holdovers": {
    "email":"Richard.Matheson@dsh.ca.gov"
  },
  "listbox": {
    "_comment": "Values used to populate list boxes and combo boxes in forms",
    "cover_pages": [
      "A. Convert This Document to PDF",
      "B. Court Fax Cover Sheet",
      "C. Sheriff Fax Cover Sheet",
      "D. CONREP Fax Cover Sheet",
      "E. DA Fax Cover Sheet",
      "F. [Deprecated] Periodic Progress Report 1026(f) Cover Letter",
      "G. WIC 6316.2 MDSO Ext Cover and Affidavit",
      "H. 1026.5(b)(1) NOT Extending Commitment Cover",
      "I. 1026.5(b)(1) Extension Cover and Affidavit",
      "J. 2972 Renewal Cover and Affidavit",
      "K. 1370 90-Day Proximal to 9-Month",
      "L. 1372(e) CERT",
      "M. 1372(a)(1) CERT",
      "N. UNLIKELY(b)(1) Sheriff Cover Letter",
      "O. UNLIKELY(c)(1) Court Cover Letter",
      "P. UNLIKELY(c)(1) Sheriff Cover Letter",
      "Q. UNLIKELY(b)(1) Court Cover Letter",
      "R. TCAR Updated Email",
      "S.Court Email",
      "T.Sheriff Email"
    ],
    "opinions": [
      "Competent",
      "Not Yet Competent",
      "UNLIKELY",
      "Malingering",
      "Restored",
      "Retain and Treat"
    ],
    "report_type": [
      "PPR",
      "1026.2(l)",
      "1026.2(b)",
      "COT",
      "1026.5(b)(1)",
      "2972",
      "1370(b)(1)",
      "1372(a)(1)",
      "1372(e)",
      "UNLIKELY 1370(b)(1)",
      "UNLIKELY 1370(c)(1)"
    ],
    "chief_approvals": [
      "Morgan",
      "Powers",
      "Yang",
      "Judd"
    ]
  },
  "report_approvals": {
    "_comment": "First field is folder location for templates w/signatures, second is the signature file",
    "yang": "",
    "yang_sig": "C:\\Users\\lunde\\repos\\cs\\ezlogger\\EZLogger_SLN\\temp\\Signatures\\DrYang.docx",
    "judd": "",
    "judd_sig": "C:\\Users\\lunde\\repos\\cs\\ezlogger\\EZLogger_SLN\\temp\\Signatures\\DrJudd.docx",
    "morgan": "",
    "morgan_sig": "C:\\Users\\lunde\\repos\\cs\\ezlogger\\EZLogger_SLN\\temp\\Signatures\\DrMorgan.docx",
    "powers": "",
    "powers_sig": "C:\\Users\\lunde\\repos\\cs\\ezlogger\\EZLogger_SLN\\temp\\Signatures\\DrPowers.docx"
  },
  "log_files": {
    "_comment": "Paths to Excel logs for different legal categories",
    "IST": "",
    "MDO": "",
    "NGI": ""
  },
  "log_files_status_bar": {
    "_comment": "Short summary of what each log type covers",
    "IST": "Log 1370(b)(1), 1372(a)(1), and Unlikelies. Will log:",
    "MDO": "Log 2972 Renewals. Will log:",
    "NGI": "Log 1026(f), 1026.2(l), 1026.2(b), COT, and 1026.5(b)(1). Will log:"
  },
  "this_config": {
    "_comment": "Identifies this config file type or scope",
    "name": "global config"
  },
  "version": {
    "_comment": "Version and maintenance info for the config",
    "created_by": "Bryan Lundeen",
    "date": "2025-05-04",
    "instructions": "Updated MailMerge and Bookmark support.",
    "number": "1.0.0",
    "support_email": "Bryan.Lundeen@dsh.ca.gov"
  }
}