{
  "_comment": "EZLogger Local User Configuration File - last updated 2024-12-19",
  "this_config": {
    "_comment": "Identifies this as a user-specific config file",
    "name": "user config"
  },
  "sp_filepath": {
    "_comment": "Local file paths used by the user for templates, contact databases, and shared config references",
    "databases": "C:\\Users\\lunde\\n a\\Forensics Wizard - EZLogger_Databases",
    "user_forensic_database": "C:\\Users\\lunde\\n a\\Forensics Wizard - EZLogger_Databases",
    "user_forensic_library": "C:\\Users\\lunde\\n a\\Forensics Wizard - Forensic Reports Library",
    "court_contact": "C:\\Users\\lunde\\n a\\Forensics Wizard - EZLogger_Databases\\Court_Contact_Database.xlsx",
    "da_contact_database": "C:\\Users\\lunde\\n a\\Forensics Wizard - EZLogger_Databases\\Da_Contact_Database.xlsx",
    "doctors_list": "C:\\Users\\lunde\\n a\\Forensics Wizard - EZLogger_Databases\\Doctors.txt",
    "global_config_file": "C:\\Users\\lunde\\n a\\Forensics Wizard - EZLogger_Databases\\global_config.json",
    "hlv_data": "C:\\Users\\lunde\\n a\\Forensics Wizard - EZLogger_Databases\\HLV_Report_Database.xlsm",
    "hlv_due": "Forensic Services Office - Forensics Wizard - EzLogger_Databases\\HLV Due for Visit.txt",
    "ods_filepath": "Forensic Services Office - Forensics Wizard - EzLogger_Databases\\ODS.xlsm",
    "properties_list": "Forensic Services Office - Forensics Wizard - EzLogger_Databases\\document_properties.txt",
    "sheriff_addresses": "C:\\Users\\lunde\\n a\\Forensics Wizard - EZLogger_Databases\\Sheriff_Addresses.xlsx",
    "templates": "C:\\Users\\lunde\\n a\\Forensics Wizard - EZLogger_Databases\\Templates",
    "ezl_database": "C:\\Users\\lunde\\repos\\cs\\ezlogger\\EZLogger_SLN\\data\\ezlogger.db",
    "all_penal_codes": "C:\\Users\\lunde\\n a\\Forensics Wizard - Forensic Reports Library\\all_penal_codes"
  },
  "edo_filepath": {
    "_comment": "Shortcuts to shared drive paths, relative to a network root",
    "forensic_office": "C:\\Users\\lunde\\n a\\Forensics Wizard - EZLogger_Databases\\all_penal_codes",
    "processed_reports": "\\Programming\\EZ Logger\\ProcessedReports",
    "tcars_folder": "\\1370 FS Report Tracking"
  }
}